state,season,disease,peak_epiweek,peak_pct_ed_visits,season_total_pct_ed_visits,winter_mean_temp_f
CT,2022-23,covid,202301,4.94,76.11,34.87916666666667
CT,2023-24,covid,202401,4.43,59.93,34.50416666666667
CT,2024-25,covid,202440,1.79,33.23,28.96666666666667
CT,2025-26,covid,202601,1.2,21.69,26.070833333333336
CT,2022-23,influenza,202249,7.35,53.87,34.87916666666667
CT,2023-24,influenza,202401,2.83,45.5,34.50416666666667
CT,2024-25,influenza,202506,8.47,81.61,28.96666666666667
CT,2025-26,influenza,202553,10.16,74.93,26.070833333333336
CT,2022-23,rsv,202245,0.82,6.83,34.87916666666667
CT,2023-24,rsv,202349,0.85,8.89,34.50416666666667
CT,2024-25,rsv,202501,0.95,8.89,28.96666666666667
CT,2025-26,rsv,202608,0.61,7.69,26.070833333333336
MA,2022-23,covid,202301,4.93,79.87,34.66904761904762
MA,2023-24,covid,202401,4.1,56.55,34.42142857142857
MA,2024-25,covid,202502,1.8,29.17,28.72142857142857
MA,2025-26,covid,202601,1.24,19.94,25.966666666666665
MA,2022-23,influenza,202251,7.31,48.93,34.66904761904762
MA,2023-24,influenza,202401,3.68,54.52,34.42142857142857
MA,2024-25,influenza,202507,9.46,82.58,28.72142857142857
MA,2025-26,influenza,202553,8.49,64.75,25.966666666666665
MA,2022-23,rsv,202246,2.32,19.4,34.66904761904762
MA,2023-24,rsv,202349,1.4,16.31,34.42142857142857
MA,2024-25,rsv,202501,1.57,15.74,28.72142857142857
MA,2025-26,rsv,202608,1.01,14.01,25.966666666666665
ME,2022-23,covid,202241,4.2,77.94,26.00208333333333
ME,2023-24,covid,202401,4.25,60.410000000000004,26.625
ME,2024-25,covid,202502,2.93,36.37,20.497916666666665
ME,2025-26,covid,202601,1.67,22.89,18.529166666666665
ME,2022-23,influenza,202251,9.25,55.66,26.00208333333333
ME,2023-24,influenza,202408,3.23,43.29,26.625
ME,2024-25,influenza,202508,7.95,74.97,20.497916666666665
ME,2025-26,influenza,202601,6.63,59.14,18.529166666666665
ME,2022-23,rsv,202246,1.78,14.33,26.00208333333333
ME,2023-24,rsv,202401,1.07,11.5,26.625
ME,2024-25,rsv,202506,0.73,9.15,20.497916666666665
ME,2025-26,rsv,202613,0.65,7.6,18.529166666666665
NH,2022-23,covid,202301,3.18,64.37,28.083333333333332
NH,2023-24,covid,202402,3.79,52.26,29.073333333333334
NH,2024-25,covid,202502,2.65,34.45,21.783333333333335
NH,2025-26,covid,202602,1.32,21.96,19.586666666666666
NH,2022-23,influenza,202252,7.03,44.93,28.083333333333332
NH,2023-24,influenza,202401,2.93,42.82,29.073333333333334
NH,2024-25,influenza,202507,9.64,98.64,21.783333333333335
NH,2025-26,influenza,202601,8.05,68.13,19.586666666666666
NH,2022-23,rsv,202246,1.47,13.14,28.083333333333332
NH,2023-24,rsv,202352,1.33,13.790000000000001,29.073333333333334
NH,2024-25,rsv,202501,1.56,16.23,21.783333333333335
NH,2025-26,rsv,202608,1.0,12.72,19.586666666666666
NJ,2022-23,covid,202301,3.99,64.65,38.62063492063492
NJ,2023-24,covid,202402,3.74,48.44,37.96031746031746
NJ,2024-25,covid,202502,1.31,27.27,32.455555555555556
NJ,2025-26,covid,202540,0.82,17.0,29.658730158730158
NJ,2022-23,influenza,202249,7.06,56.27,38.62063492063492
NJ,2023-24,influenza,202401,4.88,60.8,37.96031746031746
NJ,2024-25,influenza,202506,9.35,90.99,32.455555555555556
NJ,2025-26,influenza,202553,9.47,74.38,29.658730158730158
NJ,2022-23,rsv,202246,1.12,10.09,38.62063492063492
NJ,2023-24,rsv,202348,0.86,10.39,37.96031746031746
NJ,2024-25,rsv,202452,1.17,12.08,32.455555555555556
NJ,2025-26,rsv,202604,0.7,11.63,29.658730158730158
NY,2022-23,covid,202301,3.27,57.14,31.03333333333333
NY,2023-24,covid,202402,3.37,44.92,32.17258064516129
NY,2024-25,covid,202440,1.13,23.47,25.08817204301075
NY,2025-26,covid,202540,0.69,14.29,22.513978494623657
NY,2022-23,influenza,202250,5.09,39.839999999999996,31.03333333333333
NY,2023-24,influenza,202401,3.79,51.34,32.17258064516129
NY,2024-25,influenza,202506,6.03,66.08,25.08817204301075
NY,2025-26,influenza,202553,8.15,58.22,22.513978494623657
NY,2022-23,rsv,202246,1.02,8.51,31.03333333333333
NY,2023-24,rsv,202350,0.89,10.63,32.17258064516129
NY,2024-25,rsv,202501,0.85,9.290000000000001,25.08817204301075
NY,2025-26,rsv,202608,0.55,8.93,22.513978494623657
PA,2022-23,covid,202301,2.86,54.51,34.36766169154229
PA,2023-24,covid,202401,3.34,47.04,34.58407960199005
PA,2024-25,covid,202502,1.54,25.27,27.581094527363184
PA,2025-26,covid,202601,1.32,18.39,25.431343283582088
PA,2022-23,influenza,202249,5.89,45.45,34.36766169154229
PA,2023-24,influenza,202401,4.17,54.2,34.58407960199005
PA,2024-25,influenza,202507,7.55,72.01,27.581094527363184
PA,2025-26,influenza,202601,5.8,52.69,25.431343283582088
PA,2022-23,rsv,202245,1.39,11.62,34.36766169154229
PA,2023-24,rsv,202351,1.09,12.23,34.58407960199005
PA,2024-25,rsv,202501,1.02,11.22,27.581094527363184
PA,2025-26,rsv,202608,0.55,8.95,25.431343283582088
RI,2022-23,covid,202301,3.67,59.02,36.193333333333335
RI,2023-24,covid,202401,3.62,46.42,35.526666666666664
RI,2024-25,covid,202501,1.34,23.1,31.0
RI,2025-26,covid,202602,1.2,16.95,28.0
RI,2022-23,influenza,202251,5.94,41.93,36.193333333333335
RI,2023-24,influenza,202401,3.18,46.27,35.526666666666664
RI,2024-25,influenza,202507,5.91,54.78,31.0
RI,2025-26,influenza,202553,7.53,53.09,28.0
RI,2022-23,rsv,202245,1.12,9.27,36.193333333333335
RI,2023-24,rsv,202351,1.14,11.42,35.526666666666664
RI,2024-25,rsv,202502,0.83,8.89,31.0
RI,2025-26,rsv,202608,0.68,10.57,28.0
VT,2022-23,covid,202242,4.16,77.89,25.74761904761905
VT,2023-24,covid,202401,3.89,60.36,27.076190476190476
VT,2024-25,covid,202440,2.34,35.24,19.5
VT,2025-26,covid,202601,1.17,21.17,16.95
VT,2022-23,influenza,202252,8.59,51.74,25.74761904761905
VT,2023-24,influenza,202409,3.28,45.22,27.076190476190476
VT,2024-25,influenza,202507,9.96,80.97,19.5
VT,2025-26,influenza,202601,5.86,59.14,16.95
VT,2022-23,rsv,202247,2.81,26.2,25.74761904761905
VT,2023-24,rsv,202402,1.84,20.28,27.076190476190476
VT,2024-25,rsv,202503,1.15,14.4,19.5
VT,2025-26,rsv,202609,1.08,13.96,16.95
