signal,outcome,n,seasons,pearson_r,spearman_rho,state_adjusted_slope,state_season_adjusted_slope
ILI,peak_pct_ili,135,15,0.23849181148276094,0.22540727733879623,0.03023127719169977,0.15616636827252384
ILI,peak_week_of_season,135,15,-0.14964666337645302,-0.14861529508567253,-0.20545519656408096,-0.568274351827706
ILI,season_mean_pct_ili,135,15,0.28114464141246853,0.24469320066334993,0.016234870038449086,0.034856909581912184
Influenza,peak_pct_ed_visits,36,4,-0.3977524812471506,-0.4033462033462034,-0.34685786454251916,-0.5444243348071119
Influenza,peak_week_of_season,36,4,-0.44644860988192797,-0.5334589049665219,-0.3148423925569837,0.7628715012050399
Influenza,season_mean_pct_ed_visits,36,4,-0.35670414922978766,-0.3962931985810907,-0.0682784154422489,-0.1357143850957962
Rsv,peak_pct_ed_visits,36,4,0.0949978485628701,0.17211638057597936,0.06001739380111668,-0.0014150913837806304
Rsv,peak_week_of_season,36,4,-0.7242948873440153,-0.7321737913765209,-1.2982167306017716,1.2986415952764991
Rsv,season_mean_pct_ed_visits,36,4,-0.0907324393543889,-0.10066941631295129,0.008435051028682791,-0.0032287392973471395
Covid,peak_pct_ed_visits,36,4,0.5315754122013414,0.5147380657906669,0.309392596255409,-0.1261546799496208
Covid,peak_week_of_season,36,4,0.2238546059449451,-0.14677043337467083,0.21116308190665103,2.5525243618929805
Covid,season_mean_pct_ed_visits,36,4,0.5039618710431557,0.4870012870012871,0.14407403910570304,-0.024955909364048446
