state,season,disease,peak_epiweek,peak_pct_ed_visits,peak_week_of_season,season_total_pct_ed_visits,season_mean_pct_ed_visits,n_weeks,winter_mean_temp_f,n_winter_months,expected_weeks,complete_season
CT,2022-23,covid,202301,4.94,13,76.11,2.306363636363636,33,34.87916666666667,3,33,True
CT,2022-23,influenza,202249,7.35,9,53.87,1.6324242424242423,33,34.87916666666667,3,33,True
CT,2022-23,rsv,202245,0.82,5,6.83,0.2069696969696969,33,34.87916666666667,3,33,True
CT,2023-24,covid,202401,4.43,13,59.93,1.8160606060606064,33,34.50416666666667,3,33,True
CT,2023-24,influenza,202401,2.83,13,45.5,1.378787878787879,33,34.50416666666667,3,33,True
CT,2023-24,rsv,202349,0.85,9,8.89,0.2693939393939394,33,34.50416666666667,3,33,True
CT,2024-25,covid,202440,1.79,0,33.23,1.0069696969696968,33,28.96666666666667,3,33,True
CT,2024-25,influenza,202506,8.47,18,81.61,2.473030303030303,33,28.96666666666667,3,33,True
CT,2024-25,rsv,202501,0.95,13,8.89,0.2693939393939394,33,28.96666666666667,3,33,True
CT,2025-26,covid,202601,1.2,14,21.69,0.6379411764705882,34,26.070833333333336,3,34,True
CT,2025-26,influenza,202553,10.16,13,74.93,2.203823529411765,34,26.070833333333336,3,34,True
CT,2025-26,rsv,202608,0.61,21,7.69,0.2261764705882353,34,26.070833333333336,3,34,True
MA,2022-23,covid,202301,4.93,13,79.87,2.4203030303030304,33,34.669047619047625,3,33,True
MA,2022-23,influenza,202251,7.31,11,48.93,1.482727272727273,33,34.669047619047625,3,33,True
MA,2022-23,rsv,202246,2.32,6,19.4,0.5878787878787879,33,34.669047619047625,3,33,True
MA,2023-24,covid,202401,4.1,13,56.55,1.7136363636363636,33,34.42142857142857,3,33,True
MA,2023-24,influenza,202401,3.68,13,54.52,1.6521212121212123,33,34.42142857142857,3,33,True
MA,2023-24,rsv,202349,1.4,9,16.31,0.4942424242424242,33,34.42142857142857,3,33,True
MA,2024-25,covid,202502,1.8,14,29.17,0.883939393939394,33,28.72142857142857,3,33,True
MA,2024-25,influenza,202507,9.46,19,82.58,2.5024242424242424,33,28.72142857142857,3,33,True
MA,2024-25,rsv,202501,1.57,13,15.74,0.476969696969697,33,28.72142857142857,3,33,True
MA,2025-26,covid,202601,1.24,14,19.94,0.5864705882352942,34,25.966666666666665,3,34,True
MA,2025-26,influenza,202553,8.49,13,64.75,1.9044117647058825,34,25.966666666666665,3,34,True
MA,2025-26,rsv,202608,1.01,21,14.01,0.4120588235294117,34,25.966666666666665,3,34,True
ME,2022-23,covid,202241,4.2,1,77.94,2.361818181818182,33,26.00208333333333,3,33,True
ME,2022-23,influenza,202251,9.25,11,55.66,1.6866666666666663,33,26.00208333333333,3,33,True
ME,2022-23,rsv,202246,1.78,6,14.33,0.4342424242424242,33,26.00208333333333,3,33,True
ME,2023-24,covid,202401,4.25,13,60.41,1.8306060606060608,33,26.625,3,33,True
ME,2023-24,influenza,202408,3.23,20,43.29,1.3118181818181818,33,26.625,3,33,True
ME,2023-24,rsv,202401,1.07,13,11.5,0.3484848484848485,33,26.625,3,33,True
ME,2024-25,covid,202502,2.93,14,36.37,1.102121212121212,33,20.497916666666665,3,33,True
ME,2024-25,influenza,202508,7.95,20,74.97,2.271818181818182,33,20.497916666666665,3,33,True
ME,2024-25,rsv,202506,0.73,18,9.15,0.2772727272727273,33,20.497916666666665,3,33,True
ME,2025-26,covid,202601,1.67,14,22.89,0.673235294117647,34,18.52916666666667,3,34,True
ME,2025-26,influenza,202601,6.63,14,59.14,1.7394117647058824,34,18.52916666666667,3,34,True
ME,2025-26,rsv,202613,0.65,26,7.6,0.2235294117647058,34,18.52916666666667,3,34,True
NH,2022-23,covid,202301,3.18,13,64.37,1.950606060606061,33,28.083333333333332,3,33,True
NH,2022-23,influenza,202252,7.03,12,44.93,1.3615151515151516,33,28.083333333333332,3,33,True
NH,2022-23,rsv,202246,1.47,6,13.14,0.3981818181818182,33,28.083333333333332,3,33,True
NH,2023-24,covid,202402,3.79,14,52.26,1.5836363636363635,33,29.073333333333338,3,33,True
NH,2023-24,influenza,202401,2.93,13,42.82,1.2975757575757576,33,29.073333333333338,3,33,True
NH,2023-24,rsv,202352,1.33,12,13.79,0.4178787878787879,33,29.073333333333338,3,33,True
NH,2024-25,covid,202502,2.65,14,34.45,1.043939393939394,33,21.78333333333333,3,33,True
NH,2024-25,influenza,202507,9.64,19,98.64,2.9890909090909092,33,21.78333333333333,3,33,True
NH,2024-25,rsv,202501,1.56,13,16.23,0.4918181818181818,33,21.78333333333333,3,33,True
NH,2025-26,covid,202602,1.32,15,21.96,0.6458823529411765,34,19.58666666666667,3,34,True
NH,2025-26,influenza,202601,8.05,14,68.13,2.003823529411765,34,19.58666666666667,3,34,True
NH,2025-26,rsv,202608,1.0,21,12.72,0.3741176470588235,34,19.58666666666667,3,34,True
NJ,2022-23,covid,202301,3.99,13,64.65,1.9590909090909092,33,38.62063492063492,3,33,True
NJ,2022-23,influenza,202249,7.06,9,56.27,1.7051515151515153,33,38.62063492063492,3,33,True
NJ,2022-23,rsv,202246,1.12,6,10.09,0.3057575757575757,33,38.62063492063492,3,33,True
NJ,2023-24,covid,202402,3.74,14,48.44,1.4678787878787878,33,37.96031746031746,3,33,True
NJ,2023-24,influenza,202401,4.88,13,60.8,1.8424242424242423,33,37.96031746031746,3,33,True
NJ,2023-24,rsv,202348,0.86,8,10.39,0.3148484848484849,33,37.96031746031746,3,33,True
NJ,2024-25,covid,202502,1.31,14,27.27,0.8263636363636363,33,32.455555555555556,3,33,True
NJ,2024-25,influenza,202506,9.35,18,90.99,2.7572727272727273,33,32.455555555555556,3,33,True
NJ,2024-25,rsv,202452,1.17,12,12.08,0.3660606060606061,33,32.455555555555556,3,33,True
NJ,2025-26,covid,202540,0.82,0,17.0,0.5,34,29.658730158730155,3,34,True
NJ,2025-26,influenza,202553,9.47,13,74.38,2.1876470588235293,34,29.658730158730155,3,34,True
NJ,2025-26,rsv,202604,0.7,17,11.63,0.3420588235294118,34,29.658730158730155,3,34,True
NY,2022-23,covid,202301,3.27,13,57.14,1.7315151515151517,33,31.03333333333333,3,33,True
NY,2022-23,influenza,202250,5.09,10,39.84,1.207272727272727,33,31.03333333333333,3,33,True
NY,2022-23,rsv,202246,1.02,6,8.51,0.2578787878787879,33,31.03333333333333,3,33,True
NY,2023-24,covid,202402,3.37,14,44.92,1.361212121212121,33,32.17258064516129,3,33,True
NY,2023-24,influenza,202401,3.79,13,51.34,1.555757575757576,33,32.17258064516129,3,33,True
NY,2023-24,rsv,202350,0.89,10,10.63,0.3221212121212121,33,32.17258064516129,3,33,True
NY,2024-25,covid,202440,1.13,0,23.47,0.7112121212121212,33,25.08817204301075,3,33,True
NY,2024-25,influenza,202506,6.03,18,66.08,2.0024242424242424,33,25.08817204301075,3,33,True
NY,2024-25,rsv,202501,0.85,13,9.29,0.2815151515151515,33,25.08817204301075,3,33,True
NY,2025-26,covid,202540,0.69,0,14.29,0.4202941176470588,34,22.513978494623657,3,34,True
NY,2025-26,influenza,202553,8.15,13,58.22,1.7123529411764706,34,22.513978494623657,3,34,True
NY,2025-26,rsv,202608,0.55,21,8.93,0.2626470588235294,34,22.513978494623657,3,34,True
PA,2022-23,covid,202301,2.86,13,54.51,1.651818181818182,33,34.36766169154229,3,33,True
PA,2022-23,influenza,202249,5.89,9,45.45,1.3772727272727274,33,34.36766169154229,3,33,True
PA,2022-23,rsv,202245,1.39,5,11.62,0.3521212121212121,33,34.36766169154229,3,33,True
PA,2023-24,covid,202401,3.34,13,47.04,1.4254545454545455,33,34.58407960199005,3,33,True
PA,2023-24,influenza,202401,4.17,13,54.2,1.6424242424242426,33,34.58407960199005,3,33,True
PA,2023-24,rsv,202351,1.09,11,12.23,0.3706060606060606,33,34.58407960199005,3,33,True
PA,2024-25,covid,202502,1.54,14,25.27,0.7657575757575757,33,27.58109452736318,3,33,True
PA,2024-25,influenza,202507,7.55,19,72.01,2.182121212121212,33,27.58109452736318,3,33,True
PA,2024-25,rsv,202501,1.02,13,11.22,0.34,33,27.58109452736318,3,33,True
PA,2025-26,covid,202601,1.32,14,18.39,0.5408823529411765,34,25.43134328358209,3,34,True
PA,2025-26,influenza,202601,5.8,14,52.69,1.549705882352941,34,25.43134328358209,3,34,True
PA,2025-26,rsv,202608,0.55,21,8.95,0.263235294117647,34,25.43134328358209,3,34,True
RI,2022-23,covid,202301,3.67,13,59.02,1.7884848484848486,33,36.193333333333335,3,33,True
RI,2022-23,influenza,202251,5.94,11,41.93,1.2706060606060603,33,36.193333333333335,3,33,True
RI,2022-23,rsv,202245,1.12,5,9.27,0.2809090909090909,33,36.193333333333335,3,33,True
RI,2023-24,covid,202401,3.62,13,46.42,1.4066666666666667,33,35.526666666666664,3,33,True
RI,2023-24,influenza,202401,3.18,13,46.27,1.4021212121212123,33,35.526666666666664,3,33,True
RI,2023-24,rsv,202351,1.14,11,11.42,0.346060606060606,33,35.526666666666664,3,33,True
RI,2024-25,covid,202501,1.34,13,23.1,0.7000000000000001,33,31.000000000000004,3,33,True
RI,2024-25,influenza,202507,5.91,19,54.78,1.66,33,31.000000000000004,3,33,True
RI,2024-25,rsv,202502,0.83,14,8.89,0.2693939393939394,33,31.000000000000004,3,33,True
RI,2025-26,covid,202602,1.2,15,16.95,0.4985294117647059,34,28.0,3,34,True
RI,2025-26,influenza,202553,7.53,13,53.09,1.5614705882352942,34,28.0,3,34,True
RI,2025-26,rsv,202608,0.68,21,10.57,0.3108823529411765,34,28.0,3,34,True
VT,2022-23,covid,202242,4.16,2,77.89,2.3603030303030303,33,25.74761904761905,3,33,True
VT,2022-23,influenza,202252,8.59,12,51.74,1.567878787878788,33,25.74761904761905,3,33,True
VT,2022-23,rsv,202247,2.81,7,26.2,0.793939393939394,33,25.74761904761905,3,33,True
VT,2023-24,covid,202401,3.89,13,60.36,1.829090909090909,33,27.076190476190476,3,33,True
VT,2023-24,influenza,202409,3.28,21,45.22,1.3703030303030304,33,27.076190476190476,3,33,True
VT,2023-24,rsv,202402,1.84,14,20.28,0.6145454545454546,33,27.076190476190476,3,33,True
VT,2024-25,covid,202440,2.34,0,35.24,1.067878787878788,33,19.5,3,33,True
VT,2024-25,influenza,202507,9.96,19,80.97,2.4536363636363636,33,19.5,3,33,True
VT,2024-25,rsv,202503,1.15,15,14.4,0.4363636363636364,33,19.5,3,33,True
VT,2025-26,covid,202601,1.17,14,21.17,0.6226470588235294,34,16.95,3,34,True
VT,2025-26,influenza,202601,5.86,14,59.14,1.7394117647058824,34,16.95,3,34,True
VT,2025-26,rsv,202609,1.08,22,13.96,0.4105882352941177,34,16.95,3,34,True
