state,season,peak_epiweek,peak_pct_ili,peak_week_of_season,season_total_pct_ili,season_mean_pct_ili,n_weeks,winter_mean_temp_f,n_winter_months,expected_weeks,complete_season
CT,2010-11,201107,1.98326,19,23.9688656,0.7263292606060606,33,26.304166666666664,3,33,True
CT,2011-12,201207,0.980015,19,12.8797328,0.3902949333333333,33,34.708333333333336,3,33,True
CT,2012-13,201302,4.43469,14,47.705781,1.4456297272727274,33,31.4875,3,33,True
CT,2013-14,201406,3.27323,18,62.506468,1.894135393939394,33,26.745833333333337,3,33,True
CT,2014-15,201507,6.44041,20,85.56811,2.516709117647059,34,24.97083333333333,3,34,True
CT,2015-16,201606,4.15838,18,75.390121,2.284549121212121,33,35.199999999999996,3,33,True
CT,2016-17,201706,5.45754,18,80.989807,2.4542365757575757,33,33.52916666666667,3,33,True
CT,2017-18,201806,7.15832,18,111.1501,3.3681848484848484,33,30.15416666666667,3,33,True
CT,2018-19,201903,5.24651,15,111.08463,3.3662009090909093,33,30.579166666666666,3,33,True
CT,2019-20,202006,10.2091,18,147.6054,4.472890909090909,33,33.083333333333336,3,33,True
CT,2020-21,202050,1.50344,10,30.717332,0.9034509411764704,34,30.620833333333337,3,34,True
CT,2021-22,202152,4.17986,12,58.740796,1.7800241212121213,33,30.799999999999997,3,33,True
CT,2022-23,202248,8.25718,8,101.46378,3.07466,33,34.87916666666667,3,33,True
CT,2023-24,202352,4.99659,12,86.47961,2.620594242424242,33,34.50416666666667,3,33,True
CT,2024-25,202506,6.8028,18,108.14651,3.27716696969697,33,28.96666666666667,3,33,True
MA,2010-11,201107,2.65215,19,44.352626,1.3440189696969698,33,26.75,3,33,True
MA,2011-12,201152,1.42879,12,34.313669,1.0398081515151514,33,34.55952380952381,3,33,True
MA,2012-13,201252,4.3606,12,51.289543,1.5542285757575758,33,31.483333333333334,3,33,True
MA,2013-14,201406,1.99802,18,42.260276,1.2806144242424242,33,27.06904761904762,3,33,True
MA,2014-15,201503,3.55623,16,48.517951,1.4269985588235292,34,25.40714285714286,3,34,True
MA,2015-16,201610,2.58081,22,40.131634,1.2161101212121213,33,34.964285714285715,3,33,True
MA,2016-17,201706,2.73075,18,44.035668,1.3344141818181818,33,33.11666666666667,3,33,True
MA,2017-18,201805,5.48851,17,72.453519,2.195561181818182,33,29.790476190476188,3,33,True
MA,2018-19,201906,3.47899,18,68.30867,2.069959696969697,33,30.06190476190476,3,33,True
MA,2019-20,202012,6.61412,24,104.963953,3.1807258484848484,33,32.952380952380956,3,33,True
MA,2020-21,202048,1.178,8,24.928807,0.7332002058823529,34,31.13571428571429,3,34,True
MA,2021-22,202152,4.39349,12,64.66884,1.9596618181818184,33,31.169047619047618,3,33,True
MA,2022-23,202251,8.89624,11,95.39206,2.8906684848484847,33,34.669047619047625,3,33,True
MA,2023-24,202352,6.44775,12,102.62662,3.109897575757576,33,34.42142857142857,3,33,True
MA,2024-25,202506,11.7971,18,133.8641,4.056487878787879,33,28.72142857142857,3,33,True
ME,2010-11,201107,2.27929,19,25.213261,0.7640382121212121,33,20.366666666666667,3,33,True
ME,2011-12,201145,0.707282,5,14.679013,0.4448185757575757,33,24.68541666666667,3,33,True
ME,2012-13,201252,4.19098,12,42.085847,1.275328696969697,33,22.775,3,33,True
ME,2013-14,201405,1.9802,17,36.224943,1.0977255454545456,33,18.170833333333334,3,33,True
ME,2014-15,201504,3.33761,17,52.825007,1.5536766764705885,34,16.670833333333334,3,34,True
ME,2015-16,201611,1.95195,23,36.851058,1.1166987272727271,33,26.670833333333334,3,33,True
ME,2016-17,201712,2.24138,24,35.450584,1.0742601212121212,33,23.608333333333334,3,33,True
ME,2017-18,201808,1.5775,20,26.135448,0.7919832727272728,33,20.466666666666665,3,33,True
ME,2018-19,201908,3.30689,20,59.154369,1.7925566363636365,33,19.835416666666667,3,33,True
ME,2019-20,202012,6.69977,24,82.537905,2.501148636363636,33,23.7375,3,33,True
ME,2020-21,202046,0.790861,6,14.86256,0.4371341176470588,34,24.335416666666664,3,34,True
ME,2021-22,202219,2.70101,31,49.949735,1.5136283333333334,33,21.091666666666665,3,33,True
ME,2022-23,202250,9.69729,10,81.274978,2.462878121212121,33,26.00208333333333,3,33,True
ME,2023-24,202352,3.43784,12,63.855963,1.935029181818182,33,26.625,3,33,True
ME,2024-25,202507,8.77977,19,99.854134,3.0258828484848483,33,20.497916666666665,3,33,True
NH,2010-11,201109,0.939249,21,10.3035771,0.3122296090909091,33,20.523333333333333,3,33,True
NH,2011-12,201143,0.384053,3,7.0827985,0.2146302575757575,33,27.5,3,33,True
NH,2012-13,201302,3.09771,14,22.2960302,0.6756372787878788,33,25.0,3,33,True
NH,2013-14,201404,1.08745,16,11.3195793,0.3430175545454545,33,19.863333333333333,3,33,True
NH,2014-15,201503,1.9408,16,18.2972105,0.5381532499999999,34,18.193333333333335,3,34,True
NH,2015-16,201613,1.36437,25,17.8854752,0.541984096969697,33,28.813333333333333,3,33,True
NH,2016-17,201714,1.77638,26,23.32238,0.7067387878787879,33,26.516666666666666,3,33,True
NH,2017-18,201806,6.68648,18,52.343724,1.5861734545454549,33,22.623333333333335,3,33,True
NH,2018-19,201902,3.46747,14,40.399779,1.2242357272727271,33,22.41333333333333,3,33,True
NH,2019-20,202007,5.81449,19,54.4973291,1.6514342151515151,33,25.69333333333333,3,33,True
NH,2020-21,202104,0.820345,17,9.4786582,0.2787840647058823,34,24.73,3,34,True
NH,2021-22,202213,2.98329,25,26.836469,0.8132263333333334,33,23.47333333333333,3,33,True
NH,2022-23,202251,2.16777,11,31.826664,0.9644443636363637,33,28.083333333333332,3,33,True
NH,2023-24,202352,4.14201,12,59.434946,1.8010589696969697,33,29.073333333333338,3,33,True
NH,2024-25,202506,10.8133,18,115.204499,3.491045424242424,33,21.78333333333333,3,33,True
NJ,2010-11,201108,6.69849,20,122.79279,3.720993636363637,33,30.792063492063495,3,33,True
NJ,2011-12,201147,1.40955,7,29.762012,0.9018791515151516,33,38.33015873015873,3,33,True
NJ,2012-13,201303,5.61734,15,92.731015,2.8100307575757575,33,35.72063492063492,3,33,True
NJ,2013-14,201401,3.74359,13,81.14024,2.458795151515152,33,30.44920634920635,3,33,True
NJ,2014-15,201503,4.97434,16,85.85767,2.525225588235294,34,29.57936507936508,3,34,True
NJ,2015-16,201611,4.86093,23,61.89737,1.875677878787879,33,38.49841269841269,3,33,True
NJ,2016-17,201706,6.92602,18,123.7802,3.750915151515151,33,37.65079365079365,3,33,True
NJ,2017-18,201807,11.1524,19,133.86781,4.056600303030303,33,33.955555555555556,3,33,True
NJ,2018-19,201852,6.4099,12,130.55249,3.956136060606061,33,34.67777777777778,3,33,True
NJ,2019-20,202013,16.1318,25,200.59998,6.078787272727272,33,37.58571428571428,3,33,True
NJ,2020-21,202048,3.414,8,76.22231,2.2418326470588235,34,34.23650793650794,3,34,True
NJ,2021-22,202152,9.59632,12,115.90304,3.5122133333333334,33,35.13968253968254,3,33,True
NJ,2022-23,202248,9.7561,8,158.46317,4.8019142424242425,33,38.62063492063492,3,33,True
NJ,2023-24,202352,8.82107,12,163.10038,4.942435757575757,33,37.96031746031746,3,33,True
NJ,2024-25,202505,10.5296,17,188.02652,5.697773333333333,33,32.455555555555556,3,33,True
NY,2010-11,201052,4.379304644884016,12,70.81072538442625,2.145779557103826,33,22.95806451612903,3,33,True
NY,2011-12,201152,2.5929924428305036,12,62.92060323112604,1.9066849463977589,33,31.08118279569893,3,33,True
NY,2012-13,201303,5.946621012497002,15,90.20278460724538,2.733417715371072,33,28.24086021505376,3,33,True
NY,2013-14,201413,3.6036548685515473,25,78.48222463798453,2.3782492314540766,33,22.229032258064517,3,33,True
NY,2014-15,201503,3.7318016567340098,16,73.42290210186125,2.1594971206429783,34,20.576344086021503,3,34,True
NY,2015-16,201610,3.8424320619304897,22,73.02032275720607,2.2127370532486688,33,31.65806451612903,3,33,True
NY,2016-17,201652,4.812443144319783,12,86.95083617940584,2.634873823618358,33,30.453763440860214,3,33,True
NY,2017-18,201806,8.717805644474465,18,103.99695572746748,3.1514229008323476,33,25.691935483870967,3,33,True
NY,2018-19,201907,4.304819277108433,19,85.89918806158154,2.6030056988358043,33,26.11505376344086,3,33,True
NY,2019-20,202013,12.011448411767466,25,149.10892089569742,4.518452148354467,33,29.13064516129032,3,33,True
NY,2020-21,202101,1.4008482200231331,14,36.92742505633873,1.086100736951139,34,26.89838709677419,3,34,True
NY,2021-22,202152,5.424460523542822,12,76.37950329673855,2.3145304029314713,33,26.310752688172045,3,33,True
NY,2022-23,202249,11.205540154345105,9,171.31272550488364,5.191294712269201,33,31.03333333333333,3,33,True
NY,2023-24,202352,9.140031138382636,12,169.17160389397827,5.126412239211462,33,32.17258064516129,3,33,True
NY,2024-25,202507,10.324903701222576,19,178.95069343489774,5.422748285905993,33,25.08817204301075,3,33,True
PA,2010-11,201105,4.37266,17,60.734832,1.8404494545454544,33,25.90646766169154,3,33,True
PA,2011-12,201152,2.10624,12,39.572345,1.1991619696969698,33,33.526368159203976,3,33,True
PA,2012-13,201252,6.06691,12,72.817933,2.2066040303030303,33,31.057213930348254,3,33,True
PA,2013-14,201401,3.24514,13,52.811886,1.6003601818181818,33,24.74179104477612,3,33,True
PA,2014-15,201452,7.0306,12,83.483604,2.455400117647059,34,24.592039800995025,3,34,True
PA,2015-16,201610,4.46836,22,74.05611999999999,2.2441248484848484,33,33.12885572139303,3,33,True
PA,2016-17,201706,5.78649,18,71.932192,2.179763393939394,33,33.503980099502485,3,33,True
PA,2017-18,201807,6.79851,19,77.801801,2.3576303333333333,33,28.83084577114428,3,33,True
PA,2018-19,201907,3.35409,19,67.178992,2.03572703030303,33,30.170646766169153,3,33,True
PA,2019-20,202012,6.57262,24,94.101425,2.851558333333333,33,33.017412935323385,3,33,True
PA,2020-21,202048,1.80934,8,32.183566,0.9465754705882352,34,29.664676616915425,3,34,True
PA,2021-22,202152,3.74898,12,51.031006,1.546394121212121,33,30.265671641791045,3,33,True
PA,2022-23,202248,4.52839,8,66.189146,2.005731696969697,33,34.36766169154229,3,33,True
PA,2023-24,202352,4.15023,12,64.1412,1.9436727272727272,33,34.58407960199005,3,33,True
PA,2024-25,202506,5.22399,18,77.355232,2.3440979393939396,33,27.58109452736318,3,33,True
RI,2010-11,201108,4.95067,20,31.9210952,0.9673059151515152,33,28.646666666666665,3,33,True
RI,2011-12,201215,0.654889,27,9.0420565,0.2740017121212121,33,36.49333333333333,3,33,True
RI,2012-13,201252,4.01822,12,32.224472,0.9764991515151514,33,33.193333333333335,3,33,True
RI,2013-14,201415,1.67913,27,21.7798787,0.6599963242424243,33,29.293333333333333,3,33,True
RI,2014-15,201503,4.52086,16,33.2974008,0.9793353176470588,34,27.486666666666665,3,34,True
RI,2015-16,201610,2.06706,22,22.182746,0.6722044242424243,33,37.02,3,33,True
RI,2016-17,201708,4.309,20,45.729747,1.385749909090909,33,35.02,3,33,True
RI,2017-18,201806,7.81563,18,70.77953600000001,2.1448344242424247,33,32.24,3,33,True
RI,2018-19,201906,6.66667,18,75.897452,2.299922787878788,33,32.36,3,33,True
RI,2019-20,202006,9.11474,18,78.2442476,2.371037806060606,33,35.4,3,33,True
RI,2020-21,202048,0.946781,8,16.492846,0.4850837058823529,34,33.126666666666665,3,34,True
RI,2021-22,202146,2.87348,6,40.770424,1.235467393939394,33,33.14666666666667,3,33,True
RI,2022-23,202251,6.97303,11,66.837513,2.025379181818182,33,36.193333333333335,3,33,True
RI,2023-24,202410,4.01185,22,69.70914,2.112398181818182,33,35.526666666666664,3,33,True
RI,2024-25,202505,7.1365,17,92.04522,2.789249090909091,33,31.000000000000004,3,33,True
VT,2010-11,201107,3.43809,19,59.55485,1.8046924242424245,33,18.026190476190475,3,33,True
VT,2011-12,201213,3.0589,25,67.59107,2.0482142424242427,33,24.814285714285713,3,33,True
VT,2012-13,201305,5.94282,17,94.754792,2.871357333333333,33,22.43095238095238,3,33,True
VT,2013-14,201404,5.33255,16,90.90948,2.7548327272727273,33,17.445238095238096,3,33,True
VT,2014-15,201503,6.78543,16,87.92814,2.5861217647058825,34,14.76904761904762,3,34,True
VT,2015-16,201607,2.73022,19,46.515538,1.4095617575757575,33,26.564285714285717,3,33,True
VT,2016-17,201710,1.99492,22,34.472468,1.0446202424242423,33,24.745238095238097,3,33,True
VT,2017-18,201806,5.64516,18,73.8372,2.237490909090909,33,19.94047619047619,3,33,True
VT,2018-19,201904,4.26533,16,70.86962,2.1475642424242425,33,18.761904761904763,3,33,True
VT,2019-20,202005,5.40744,17,82.724833,2.5068131212121214,33,22.980952380952385,3,33,True
VT,2020-21,202047,1.5507,7,25.45058,0.7485464705882352,34,22.21904761904762,3,34,True
VT,2021-22,202201,1.58573,13,31.225977,0.9462417272727272,33,20.164285714285715,3,33,True
VT,2022-23,202251,7.35488,11,47.069028,1.4263341818181818,33,25.74761904761905,3,33,True
VT,2023-24,202405,2.14672,17,34.963895,1.0595119696969697,33,27.076190476190476,3,33,True
VT,2024-25,202507,5.20213,19,65.964474,1.9989234545454544,33,19.5,3,33,True
