state,lag_weeks,n,pearson_r
CT,0,497,-0.40649480108241093
MA,0,497,-0.349023692731066
ME,0,497,-0.3036498318287337
NH,0,497,-0.33424577826064084
NJ,0,497,-0.35591588699776955
NY,0,497,-0.33100605213780837
PA,0,497,-0.5078644647875971
RI,0,497,-0.3868658764497477
VT,0,497,-0.482119680460171
CT,1,496,-0.40157439928106436
MA,1,496,-0.35983685656429387
ME,1,496,-0.3055472185366781
NH,1,496,-0.34645649736144085
NJ,1,496,-0.3578054086123383
NY,1,496,-0.31894744727790364
PA,1,496,-0.5127988302116642
RI,1,496,-0.39962363899230463
VT,1,496,-0.5102402862809402
CT,2,495,-0.38897413085480737
MA,2,495,-0.3571870479798906
ME,2,495,-0.2939492755547548
NH,2,495,-0.3489248000104046
NJ,2,495,-0.3526460825241949
NY,2,495,-0.299665119928479
PA,2,495,-0.5044280066452486
RI,2,495,-0.40013325542382217
VT,2,495,-0.5222439538857286
CT,3,494,-0.36751429613192954
MA,3,494,-0.3415577516087708
ME,3,494,-0.28072576734452415
NH,3,494,-0.33954778535218877
NJ,3,494,-0.33891009244219805
NY,3,494,-0.27329036208667934
PA,3,494,-0.4826873469406179
RI,3,494,-0.389732282311261
VT,3,494,-0.49807872675703635
CT,4,493,-0.33944815108708054
MA,4,493,-0.31211010529103184
ME,4,493,-0.25220640265769434
NH,4,493,-0.32008451554915496
NJ,4,493,-0.31431131718553074
NY,4,493,-0.2434993383701967
PA,4,493,-0.44260777846042465
RI,4,493,-0.3691069730582464
VT,4,493,-0.46998650779243223
